<?xml version="1.0" encoding="UTF-8" standalone="no"?>
<oneoff_actions>
    <oracle.wls.libraries opt_req="O" symbol="wls.server.symbol" version="12.2.1.3.0">
        <jar class_name="modules/com.oracle.weblogic.jdbc.jar/weblogic/jdbc/common/internal/DataSourceRuntimeMBeanImpl$OperationRequest.class" name="com.oracle.weblogic.jdbc.jar" path="%ORACLE_HOME%/%SYMBOL%/modules" shaolue="A189C36A5A80C564BBD1397C129E8A8AA83115BA"/>
        <jar class_name="modules/com.oracle.weblogic.jdbc.jar/weblogic/jdbc/common/internal/DataSourceRuntimeMBeanImpl.class" name="com.oracle.weblogic.jdbc.jar" path="%ORACLE_HOME%/%SYMBOL%/modules" shaolue="8AEB565C0474C86F45C5FC57CA6340DED1C03616"/>
        <jar class_name="modules/com.oracle.weblogic.jdbc.jar/weblogic/jdbc/common/internal/ONSClientRuntimeImpl.class" name="com.oracle.weblogic.jdbc.jar" path="%ORACLE_HOME%/%SYMBOL%/modules" shaolue="0B57825FB47581C53D93400A9DF1D2D1C71F6296"/>
        <jar class_name="modules/com.oracle.weblogic.jdbc.jar/weblogic/jdbc/common/internal/OracleDataSourceRuntimeImpl.class" name="com.oracle.weblogic.jdbc.jar" path="%ORACLE_HOME%/%SYMBOL%/modules" shaolue="DAF8D3D9FA85F9385B8525BD41E67E1CC14AF3DE"/>
    </oracle.wls.libraries>
    <oracle.wls.jrf.tenancy.common.sharedlib opt_req="O" symbol="wls.server.symbol" version="12.2.1.3.0">
        <jar class_name="modules/com.bea.core.datasource6.jar/weblogic/jdbc/common/internal/ConnectionPool$1.class" name="com.bea.core.datasource6.jar" path="%ORACLE_HOME%/%SYMBOL%/modules" shaolue="80EDD7CA59B9377F446F4778DC8CC5878DB59EF7"/>
        <jar class_name="modules/com.bea.core.datasource6.jar/weblogic/jdbc/common/internal/ConnectionPool$ConnectionStore.class" name="com.bea.core.datasource6.jar" path="%ORACLE_HOME%/%SYMBOL%/modules" shaolue="174B4A833831EF35BC2D54BAA6DC9401E502ACA8"/>
        <jar class_name="modules/com.bea.core.datasource6.jar/weblogic/jdbc/common/internal/ConnectionPool$ConnectionStoreDelegate.class" name="com.bea.core.datasource6.jar" path="%ORACLE_HOME%/%SYMBOL%/modules" shaolue="E1E5F6A7BC4AE13045AB1893F31C76A98C836B6C"/>
        <jar class_name="modules/com.bea.core.datasource6.jar/weblogic/jdbc/common/internal/ConnectionPool$ConnectionThreadLocal.class" name="com.bea.core.datasource6.jar" path="%ORACLE_HOME%/%SYMBOL%/modules" shaolue="96E6D174C672069C9D214E05CBEF2D7D0C5DF80F"/>
        <jar class_name="modules/com.bea.core.datasource6.jar/weblogic/jdbc/common/internal/ConnectionPool.class" name="com.bea.core.datasource6.jar" path="%ORACLE_HOME%/%SYMBOL%/modules" shaolue="C2800A36212F91B5D4A56A3EF46C57647973AAE2"/>
        <jar class_name="modules/com.bea.core.datasource6.jar/weblogic/jdbc/common/internal/HAConnectionPool$HAConnectionStoreDelegate$Holder.class" name="com.bea.core.datasource6.jar" path="%ORACLE_HOME%/%SYMBOL%/modules" shaolue="60173181A480036A0BB4CAF71BFEC84D57E4B52D"/>
        <jar class_name="modules/com.bea.core.datasource6.jar/weblogic/jdbc/common/internal/HAConnectionPool$HAConnectionStoreDelegate.class" name="com.bea.core.datasource6.jar" path="%ORACLE_HOME%/%SYMBOL%/modules" shaolue="7C95BFF31B898D02E5C99C9801FC910136685C0C"/>
        <jar class_name="modules/com.bea.core.datasource6.jar/weblogic/jdbc/common/internal/HAConnectionPool.class" name="com.bea.core.datasource6.jar" path="%ORACLE_HOME%/%SYMBOL%/modules" shaolue="D23DD6F525CA74EEEACCF8B0D842496F38534C56"/>
        <jar class_name="modules/com.bea.core.datasource6.jar/weblogic/jdbc/common/internal/LastUseComparator.class" name="com.bea.core.datasource6.jar" path="%ORACLE_HOME%/%SYMBOL%/modules" shaolue="7887430CB35F3493C5314EEDF4241AD80B773826"/>
    </oracle.wls.jrf.tenancy.common.sharedlib>
</oneoff_actions>
